epoch,val_loss,train_loss
0,0.028428660705685616,0.02724369429051876
1,0.01696128211915493,
2,0.01654914580285549,
3,0.01626063510775566,
4,0.016919991001486778,
5,0.01706148497760296,0.016106154769659042
6,0.017094498500227928,
7,0.01797802932560444,
8,0.017162777483463287,
9,0.01692979410290718,
10,0.017135784029960632,0.016370423138141632
11,0.017743833363056183,
12,0.018115201964974403,
13,0.017649373039603233,
