epoch,val_loss,train_loss
0,0.1154632419347763,0.12082376331090927
1,0.1154632419347763,
2,0.1154632419347763,
3,0.1154632419347763,
4,0.1154632419347763,
5,0.1154632419347763,0.12082376331090927
6,0.1154632419347763,
7,0.1154632419347763,
8,0.1154632419347763,
9,0.1154632419347763,
10,0.1154632419347763,0.12082377076148987
